name,styleUrl,Polygon/outerBoundaryIs/LinearRing/tessellate,Polygon/outerBoundaryIs/LinearRing/coordinates,_id
Lake,#poly-000000-2000-77-nodesc,1,"-117.3961004,35.7783814,0 -117.3974777,35.6501786,0 -117.2642917,35.6490576,0 -117.2684077,35.7794931,0 -117.3961004,35.7783814,0",0FA3E06F8C18BEE0EB1F
Fly-in community,#poly-000000-2000-77-nodesc,1,"-117.9035851,35.2663765,0 -117.9063321,34.9833155,0 -117.6014486,34.9882385,0 -117.626172,35.2686197,0 -117.9035851,35.2663765,0",0B482CAABC18BEE0EB20
Military Base,#poly-000000-2000-77-nodesc,1,"-116.4742606,35.3899078,0 -117.028727,35.389069,0 -117.028761,35.201883,0 -116.4698317,35.2069324,0 -116.4742606,35.3899078,0",1AB05A06BB18BEE0EB20
Mountain Range ~ 2500 m,#poly-000000-1200-77-nodesc,1,"-118.243266,35.4586389,0 -118.4465131,35.4600372,0 -118.447543,35.3892563,0 -118.2429226,35.3886965,0 -118.243266,35.4586389,0",2D0E00F72318BEE0EB20
Lake,#poly-000000-1200-77-nodesc,1,"-118.5165509,35.6389492,0 -118.3393964,35.6395072,0 -118.4266003,35.7297186,0 -118.5165509,35.6389492,0",30551CB70B18BEE0EB20
