{"loss":{"0":0.3531928062,"1":0.1598671228,"2":0.1145015508,"3":0.0899819657,"4":0.0721971393,"5":0.0600793399,"6":0.0496163704,"7":0.0422931835,"8":0.03597771,"9":0.0303132217},"accuracy":{"0":0.903116703,"1":0.9545666575,"2":0.9665499926,"3":0.9743166566,"4":0.9793333411,"5":0.9830166698,"6":0.9857000113,"7":0.9880333543,"8":0.9899166822,"9":0.9916499853},"val_loss":{"0":0.1823592335,"1":0.1314670295,"2":0.107910566,"3":0.0932208002,"4":0.0885068178,"5":0.0860666633,"6":0.0869842172,"7":0.0767578781,"8":0.0765984505,"9":0.0739719495},"val_accuracy":{"0":0.9475999475,"1":0.961499989,"2":0.9674999714,"3":0.97239995,"4":0.972299993,"5":0.9736999869,"6":0.9725999832,"7":0.9750999808,"8":0.9766999483,"9":0.977799952}}